[{"model": "portfolio.licenciatura", "pk": 1, "fields": {"nome": "Licenciatura em Informática de Gestão", "sigla": "LIG", "descricao": "Licenciatura orientada para a ligação entre tecnologia e negócio, com foco em sistemas de informação, programação, análise de dados e gestão. A página oficial descreve o curso como uma formação que aproxima as áreas de negócio das áreas de tecnologias e sistemas de informação.", "duracao": 3, "ects": 180, "imagem": ""}}, {"model": "portfolio.docente", "pk": 1, "fields": {"nome": "Rui Ribeiro", "email": "", "pagina_pessoal": "", "foto": ""}}, {"model": "portfolio.docente", "pk": 2, "fields": {"nome": "Luís Gomes", "email": "", "pagina_pessoal": "", "foto": ""}}, {"model": "portfolio.docente", "pk": 3, "fields": {"nome": "José Cascais Brás", "email": "", "pagina_pessoal": "", "foto": ""}}, {"model": "portfolio.docente", "pk": 4, "fields": {"nome": "Lúcio studer", "email": "", "pagina_pessoal": "", "foto": ""}}, {"model": "portfolio.unidadecurricular", "pk": 1, "fields": {"nome": "Programação Web", "codigo": "PW", "ano": 2, "semestre": 2, "ects": 6, "descricao": "Unidade curricular focada no desenvolvimento de aplicações web, incluindo estruturação de páginas, interação com bases de dados e desenvolvimento de aplicações dinâmicas.", "imagem": "", "licenciatura": 1, "docentes": [4]}}, {"model": "portfolio.unidadecurricular", "pk": 2, "fields": {"nome": "Bases de Dados", "codigo": "BD", "ano": 2, "semestre": 1, "ects": 6, "descricao": "Unidade curricular dedicada à modelação, criação e manipulação de bases de dados relacionais, com recurso a SQL.", "imagem": "", "licenciatura": 1, "docentes": [1]}}, {"model": "portfolio.unidadecurricular", "pk": 3, "fields": {"nome": "Engenharia de Software", "codigo": "ES", "ano": 3, "semestre": 1, "ects": 5, "descricao": "Unidade curricular centrada em análise, modelação, desenvolvimento e manutenção de software, com foco em metodologias e boas práticas.", "imagem": "", "licenciatura": 1, "docentes": [1]}}, {"model": "portfolio.unidadecurricular", "pk": 4, "fields": {"nome": "Contabilidade", "codigo": "ULHT12-1796", "ano": 0, "semestre": 0, "ects": 0, "descricao": "", "imagem": "", "licenciatura": 1, "docentes": []}}, {"model": "portfolio.unidadecurricular", "pk": 5, "fields": {"nome": "Fundamentos de Sistemas de Informação", "codigo": "ULHT12-8334", "ano": 0, "semestre": 0, "ects": 0, "descricao": "", "imagem": "", "licenciatura": 1, "docentes": []}}, {"model": "portfolio.unidadecurricular", "pk": 6, "fields": {"nome": "Matemática I", "codigo": "ULHT12-1", "ano": 0, "semestre": 0, "ects": 0, "descricao": "", "imagem": "", "licenciatura": 1, "docentes": []}}, {"model": "portfolio.unidadecurricular", "pk": 7, "fields": {"nome": "Teoria e Prática de Marketing", "codigo": "ULHT12-7432", "ano": 0, "semestre": 0, "ects": 0, "descricao": "", "imagem": "", "licenciatura": 1, "docentes": []}}, {"model": "portfolio.unidadecurricular", "pk": 8, "fields": {"nome": "Algoritmia e Estruturas de Dados", "codigo": "ULHT12-13397", "ano": 0, "semestre": 0, "ects": 0, "descricao": "", "imagem": "", "licenciatura": 1, "docentes": []}}, {"model": "portfolio.unidadecurricular", "pk": 9, "fields": {"nome": "Cálculo Financeiro", "codigo": "ULHT12-154", "ano": 0, "semestre": 0, "ects": 0, "descricao": "", "imagem": "", "licenciatura": 1, "docentes": []}}, {"model": "portfolio.unidadecurricular", "pk": 10, "fields": {"nome": "Competências Comportamentais", "codigo": "ULHT12-17267", "ano": 0, "semestre": 0, "ects": 0, "descricao": "", "imagem": "", "licenciatura": 1, "docentes": []}}, {"model": "portfolio.unidadecurricular", "pk": 11, "fields": {"nome": "Fundamentos de Programação", "codigo": "ULHT12-7337", "ano": 0, "semestre": 0, "ects": 0, "descricao": "", "imagem": "", "licenciatura": 1, "docentes": []}}, {"model": "portfolio.unidadecurricular", "pk": 12, "fields": {"nome": "Linguagens de Programação I", "codigo": "ULHT12-498", "ano": 0, "semestre": 0, "ects": 0, "descricao": "", "imagem": "", "licenciatura": 1, "docentes": []}}, {"model": "portfolio.unidadecurricular", "pk": 13, "fields": {"nome": "Matemática II", "codigo": "ULHT12-505", "ano": 0, "semestre": 0, "ects": 0, "descricao": "", "imagem": "", "licenciatura": 1, "docentes": []}}, {"model": "portfolio.unidadecurricular", "pk": 14, "fields": {"nome": "Métricas Empresariais", "codigo": "ULHT12-15429", "ano": 0, "semestre": 0, "ects": 0, "descricao": "", "imagem": "", "licenciatura": 1, "docentes": []}}, {"model": "portfolio.unidadecurricular", "pk": 15, "fields": {"nome": "Bases de Dados", "codigo": "ULHT12-1792", "ano": 0, "semestre": 0, "ects": 0, "descricao": "", "imagem": "", "licenciatura": 1, "docentes": []}}, {"model": "portfolio.unidadecurricular", "pk": 16, "fields": {"nome": "Direito Informático", "codigo": "ULHT12-23041", "ano": 0, "semestre": 0, "ects": 0, "descricao": "", "imagem": "", "licenciatura": 1, "docentes": []}}, {"model": "portfolio.unidadecurricular", "pk": 17, "fields": {"nome": "Instrumentos de Gestão", "codigo": "ULHT12-7340", "ano": 0, "semestre": 0, "ects": 0, "descricao": "", "imagem": "", "licenciatura": 1, "docentes": []}}, {"model": "portfolio.unidadecurricular", "pk": 18, "fields": {"nome": "Motivação e Liderança", "codigo": "ULHT12-7434", "ano": 0, "semestre": 0, "ects": 0, "descricao": "", "imagem": "", "licenciatura": 1, "docentes": []}}, {"model": "portfolio.unidadecurricular", "pk": 19, "fields": {"nome": "Programação Low-Code e No-Code", "codigo": "ULHT12-26190", "ano": 0, "semestre": 0, "ects": 0, "descricao": "", "imagem": "", "licenciatura": 1, "docentes": []}}, {"model": "portfolio.unidadecurricular", "pk": 20, "fields": {"nome": "Sistemas Operativos", "codigo": "ULHT12-6305", "ano": 0, "semestre": 0, "ects": 0, "descricao": "", "imagem": "", "licenciatura": 1, "docentes": []}}, {"model": "portfolio.unidadecurricular", "pk": 21, "fields": {"nome": "Engenharia de Requisitos e Testes", "codigo": "ULHT12-22512", "ano": 0, "semestre": 0, "ects": 0, "descricao": "", "imagem": "", "licenciatura": 1, "docentes": []}}, {"model": "portfolio.unidadecurricular", "pk": 22, "fields": {"nome": "Gestão Financeira", "codigo": "ULHT12-324", "ano": 0, "semestre": 0, "ects": 0, "descricao": "", "imagem": "", "licenciatura": 1, "docentes": []}}, {"model": "portfolio.unidadecurricular", "pk": 23, "fields": {"nome": "Programação Web", "codigo": "ULHT12-11195", "ano": 0, "semestre": 0, "ects": 0, "descricao": "", "imagem": "", "licenciatura": 1, "docentes": []}}, {"model": "portfolio.unidadecurricular", "pk": 24, "fields": {"nome": "Redes de Computadores", "codigo": "ULHT12-1793", "ano": 0, "semestre": 0, "ects": 0, "descricao": "", "imagem": "", "licenciatura": 1, "docentes": []}}, {"model": "portfolio.unidadecurricular", "pk": 25, "fields": {"nome": "Sistemas de Suporte à Decisão", "codigo": "ULHT12-7303", "ano": 0, "semestre": 0, "ects": 0, "descricao": "", "imagem": "", "licenciatura": 1, "docentes": []}}, {"model": "portfolio.unidadecurricular", "pk": 26, "fields": {"nome": "Trabalho Final de Curso", "codigo": "ULHT12-5140", "ano": 0, "semestre": 0, "ects": 0, "descricao": "", "imagem": "", "licenciatura": 1, "docentes": []}}, {"model": "portfolio.unidadecurricular", "pk": 27, "fields": {"nome": "Data Mining", "codigo": "ULHT12-15430", "ano": 0, "semestre": 0, "ects": 0, "descricao": "", "imagem": "", "licenciatura": 1, "docentes": []}}, {"model": "portfolio.unidadecurricular", "pk": 28, "fields": {"nome": "Engenharia de Software", "codigo": "ULHT12-7341", "ano": 0, "semestre": 0, "ects": 0, "descricao": "", "imagem": "", "licenciatura": 1, "docentes": []}}, {"model": "portfolio.unidadecurricular", "pk": 29, "fields": {"nome": "Interação Humano-Máquina", "codigo": "ULHT12-11047", "ano": 0, "semestre": 0, "ects": 0, "descricao": "", "imagem": "", "licenciatura": 1, "docentes": []}}, {"model": "portfolio.unidadecurricular", "pk": 30, "fields": {"nome": "Sistemas Móveis Empresariais", "codigo": "ULHT12-7435", "ano": 0, "semestre": 0, "ects": 0, "descricao": "", "imagem": "", "licenciatura": 1, "docentes": []}}, {"model": "portfolio.unidadecurricular", "pk": 31, "fields": {"nome": "Auditoria de Sistemas de Informação", "codigo": "ULHT12-7437", "ano": 0, "semestre": 0, "ects": 0, "descricao": "", "imagem": "", "licenciatura": 1, "docentes": []}}, {"model": "portfolio.unidadecurricular", "pk": 32, "fields": {"nome": "Controlo de Gestão", "codigo": "ULHT12-5797", "ano": 0, "semestre": 0, "ects": 0, "descricao": "", "imagem": "", "licenciatura": 1, "docentes": []}}, {"model": "portfolio.unidadecurricular", "pk": 33, "fields": {"nome": "Gestão de Projetos", "codigo": "ULHT12-7428", "ano": 0, "semestre": 0, "ects": 0, "descricao": "", "imagem": "", "licenciatura": 1, "docentes": []}}, {"model": "portfolio.unidadecurricular", "pk": 34, "fields": {"nome": "Inteligência Artificial", "codigo": "ULHT12-2129", "ano": 0, "semestre": 0, "ects": 0, "descricao": "", "imagem": "", "licenciatura": 1, "docentes": []}}, {"model": "portfolio.unidadecurricular", "pk": 35, "fields": {"nome": "Sistemas de Informação na Nuvem", "codigo": "ULHT12-22514", "ano": 0, "semestre": 0, "ects": 0, "descricao": "", "imagem": "", "licenciatura": 1, "docentes": []}}, {"model": "portfolio.categoriatecnologia", "pk": 1, "fields": {"nome": "Linguagem programacao", "descricao": ""}}, {"model": "portfolio.categoriatecnologia", "pk": 2, "fields": {"nome": "Framework", "descricao": ""}}, {"model": "portfolio.tecnologia", "pk": 1, "fields": {"nome": "Python", "descricao": "", "logo": "", "website": "", "nivel_preferencia": 3, "categoria": 1}}, {"model": "portfolio.tecnologia", "pk": 2, "fields": {"nome": "SQl", "descricao": "", "logo": "", "website": "", "nivel_preferencia": 3, "categoria": 1}}, {"model": "portfolio.tecnologia", "pk": 3, "fields": {"nome": "Django", "descricao": "", "logo": "", "website": "", "nivel_preferencia": 3, "categoria": 2}}, {"model": "portfolio.tecnologia", "pk": 4, "fields": {"nome": "Sklearn", "descricao": "", "logo": "", "website": "", "nivel_preferencia": 3, "categoria": null}}, {"model": "portfolio.tecnologia", "pk": 5, "fields": {"nome": ".NET", "descricao": "", "logo": "", "website": "", "nivel_preferencia": 3, "categoria": null}}, {"model": "portfolio.tecnologia", "pk": 6, "fields": {"nome": "C#", "descricao": "", "logo": "", "website": "", "nivel_preferencia": 3, "categoria": null}}, {"model": "portfolio.tecnologia", "pk": 7, "fields": {"nome": "Dart", "descricao": "", "logo": "", "website": "", "nivel_preferencia": 3, "categoria": null}}, {"model": "portfolio.tecnologia", "pk": 8, "fields": {"nome": "Docker", "descricao": "", "logo": "", "website": "", "nivel_preferencia": 3, "categoria": null}}, {"model": "portfolio.tecnologia", "pk": 9, "fields": {"nome": "Entity Framework", "descricao": "", "logo": "", "website": "", "nivel_preferencia": 3, "categoria": null}}, {"model": "portfolio.tecnologia", "pk": 10, "fields": {"nome": "Flutter", "descricao": "", "logo": "", "website": "", "nivel_preferencia": 3, "categoria": null}}, {"model": "portfolio.tecnologia", "pk": 11, "fields": {"nome": "JSON", "descricao": "", "logo": "", "website": "", "nivel_preferencia": 3, "categoria": null}}, {"model": "portfolio.tecnologia", "pk": 12, "fields": {"nome": "REST", "descricao": "", "logo": "", "website": "", "nivel_preferencia": 3, "categoria": null}}, {"model": "portfolio.tecnologia", "pk": 13, "fields": {"nome": "SQL Server", "descricao": "", "logo": "", "website": "", "nivel_preferencia": 3, "categoria": null}}, {"model": "portfolio.tecnologia", "pk": 14, "fields": {"nome": "Firebase", "descricao": "", "logo": "", "website": "", "nivel_preferencia": 3, "categoria": null}}, {"model": "portfolio.tecnologia", "pk": 15, "fields": {"nome": "Matplotlib", "descricao": "", "logo": "", "website": "", "nivel_preferencia": 3, "categoria": null}}, {"model": "portfolio.tecnologia", "pk": 16, "fields": {"nome": "NumPy", "descricao": "", "logo": "", "website": "", "nivel_preferencia": 3, "categoria": null}}, {"model": "portfolio.tecnologia", "pk": 17, "fields": {"nome": "Pandas", "descricao": "", "logo": "", "website": "", "nivel_preferencia": 3, "categoria": null}}, {"model": "portfolio.tecnologia", "pk": 18, "fields": {"nome": "HTTP Webservices", "descricao": "", "logo": "", "website": "", "nivel_preferencia": 3, "categoria": null}}, {"model": "portfolio.tecnologia", "pk": 19, "fields": {"nome": "Spring Boot (Java)", "descricao": "", "logo": "", "website": "", "nivel_preferencia": 3, "categoria": null}}, {"model": "portfolio.tecnologia", "pk": 20, "fields": {"nome": "Kotlin", "descricao": "", "logo": "", "website": "", "nivel_preferencia": 3, "categoria": null}}, {"model": "portfolio.tecnologia", "pk": 21, "fields": {"nome": "Bootstrap", "descricao": "", "logo": "", "website": "", "nivel_preferencia": 3, "categoria": null}}, {"model": "portfolio.tecnologia", "pk": 22, "fields": {"nome": "Git", "descricao": "", "logo": "", "website": "", "nivel_preferencia": 3, "categoria": null}}, {"model": "portfolio.tecnologia", "pk": 23, "fields": {"nome": "H2", "descricao": "", "logo": "", "website": "", "nivel_preferencia": 3, "categoria": null}}, {"model": "portfolio.tecnologia", "pk": 24, "fields": {"nome": "Jira", "descricao": "", "logo": "", "website": "", "nivel_preferencia": 3, "categoria": null}}, {"model": "portfolio.tecnologia", "pk": 25, "fields": {"nome": "LLM", "descricao": "", "logo": "", "website": "", "nivel_preferencia": 3, "categoria": null}}, {"model": "portfolio.tecnologia", "pk": 26, "fields": {"nome": "MySQL", "descricao": "", "logo": "", "website": "", "nivel_preferencia": 3, "categoria": null}}, {"model": "portfolio.tecnologia", "pk": 27, "fields": {"nome": "Ollama", "descricao": "", "logo": "", "website": "", "nivel_preferencia": 3, "categoria": null}}, {"model": "portfolio.tecnologia", "pk": 28, "fields": {"nome": "Selenium", "descricao": "", "logo": "", "website": "", "nivel_preferencia": 3, "categoria": null}}, {"model": "portfolio.tecnologia", "pk": 29, "fields": {"nome": "ThymeLeaf", "descricao": "", "logo": "", "website": "", "nivel_preferencia": 3, "categoria": null}}, {"model": "portfolio.tecnologia", "pk": 30, "fields": {"nome": "CSS", "descricao": "", "logo": "", "website": "", "nivel_preferencia": 3, "categoria": null}}, {"model": "portfolio.tecnologia", "pk": 31, "fields": {"nome": "HTML", "descricao": "", "logo": "", "website": "", "nivel_preferencia": 3, "categoria": null}}, {"model": "portfolio.tecnologia", "pk": 32, "fields": {"nome": "JavaScript", "descricao": "", "logo": "", "website": "", "nivel_preferencia": 3, "categoria": null}}, {"model": "portfolio.tecnologia", "pk": 33, "fields": {"nome": "RPA", "descricao": "", "logo": "", "website": "", "nivel_preferencia": 3, "categoria": null}}, {"model": "portfolio.tecnologia", "pk": 34, "fields": {"nome": "PowerBI", "descricao": "", "logo": "", "website": "", "nivel_preferencia": 3, "categoria": null}}, {"model": "portfolio.tecnologia", "pk": 35, "fields": {"nome": "Google Charts", "descricao": "", "logo": "", "website": "", "nivel_preferencia": 3, "categoria": null}}, {"model": "portfolio.tecnologia", "pk": 36, "fields": {"nome": "AJAX", "descricao": "", "logo": "", "website": "", "nivel_preferencia": 3, "categoria": null}}, {"model": "portfolio.tecnologia", "pk": 37, "fields": {"nome": "PHP", "descricao": "", "logo": "", "website": "", "nivel_preferencia": 3, "categoria": null}}, {"model": "portfolio.tecnologia", "pk": 38, "fields": {"nome": "XAMPP", "descricao": "", "logo": "", "website": "", "nivel_preferencia": 3, "categoria": null}}, {"model": "portfolio.tecnologia", "pk": 39, "fields": {"nome": "Bases de Dados", "descricao": "", "logo": "", "website": "", "nivel_preferencia": 3, "categoria": null}}, {"model": "portfolio.tecnologia", "pk": 40, "fields": {"nome": "MariaDB", "descricao": "", "logo": "", "website": "", "nivel_preferencia": 3, "categoria": null}}, {"model": "portfolio.tecnologia", "pk": 41, "fields": {"nome": "Postman", "descricao": "", "logo": "", "website": "", "nivel_preferencia": 3, "categoria": null}}, {"model": "portfolio.tecnologia", "pk": 42, "fields": {"nome": "WordPress", "descricao": "", "logo": "", "website": "", "nivel_preferencia": 3, "categoria": null}}, {"model": "portfolio.tecnologia", "pk": 43, "fields": {"nome": "PyTorch", "descricao": "", "logo": "", "website": "", "nivel_preferencia": 3, "categoria": null}}, {"model": "portfolio.tecnologia", "pk": 44, "fields": {"nome": "React", "descricao": "", "logo": "", "website": "", "nivel_preferencia": 3, "categoria": null}}, {"model": "portfolio.tecnologia", "pk": 45, "fields": {"nome": "PostGreSQL", "descricao": "", "logo": "", "website": "", "nivel_preferencia": 3, "categoria": null}}, {"model": "portfolio.tecnologia", "pk": 46, "fields": {"nome": "WebAPI", "descricao": "", "logo": "", "website": "", "nivel_preferencia": 3, "categoria": null}}, {"model": "portfolio.tecnologia", "pk": 47, "fields": {"nome": "Angular", "descricao": "", "logo": "", "website": "", "nivel_preferencia": 3, "categoria": null}}, {"model": "portfolio.tecnologia", "pk": 48, "fields": {"nome": "Seaborn", "descricao": "", "logo": "", "website": "", "nivel_preferencia": 3, "categoria": null}}, {"model": "portfolio.tecnologia", "pk": 49, "fields": {"nome": "Azure", "descricao": "", "logo": "", "website": "", "nivel_preferencia": 3, "categoria": null}}, {"model": "portfolio.tecnologia", "pk": 50, "fields": {"nome": "Arduino", "descricao": "", "logo": "", "website": "", "nivel_preferencia": 3, "categoria": null}}, {"model": "portfolio.tecnologia", "pk": 51, "fields": {"nome": "Stripe", "descricao": "", "logo": "", "website": "", "nivel_preferencia": 3, "categoria": null}}, {"model": "portfolio.tecnologia", "pk": 52, "fields": {"nome": "C", "descricao": "", "logo": "", "website": "", "nivel_preferencia": 3, "categoria": null}}, {"model": "portfolio.tecnologia", "pk": 53, "fields": {"nome": "MVC", "descricao": "", "logo": "", "website": "", "nivel_preferencia": 3, "categoria": null}}, {"model": "portfolio.tecnologia", "pk": 54, "fields": {"nome": "OpenAI", "descricao": "", "logo": "", "website": "", "nivel_preferencia": 3, "categoria": null}}, {"model": "portfolio.tecnologia", "pk": 55, "fields": {"nome": "Ubuntu Server", "descricao": "", "logo": "", "website": "", "nivel_preferencia": 3, "categoria": null}}, {"model": "portfolio.tecnologia", "pk": 56, "fields": {"nome": "Web", "descricao": "", "logo": "", "website": "", "nivel_preferencia": 3, "categoria": null}}, {"model": "portfolio.tecnologia", "pk": 57, "fields": {"nome": "Flask", "descricao": "", "logo": "", "website": "", "nivel_preferencia": 3, "categoria": null}}, {"model": "portfolio.tecnologia", "pk": 58, "fields": {"nome": "SQLite", "descricao": "", "logo": "", "website": "", "nivel_preferencia": 3, "categoria": null}}, {"model": "portfolio.tecnologia", "pk": 59, "fields": {"nome": "ExploitdB", "descricao": "", "logo": "", "website": "", "nivel_preferencia": 3, "categoria": null}}, {"model": "portfolio.tecnologia", "pk": 60, "fields": {"nome": "Misp", "descricao": "", "logo": "", "website": "", "nivel_preferencia": 3, "categoria": null}}, {"model": "portfolio.tecnologia", "pk": 61, "fields": {"nome": "OpenCTI", "descricao": "", "logo": "", "website": "", "nivel_preferencia": 3, "categoria": null}}, {"model": "portfolio.tecnologia", "pk": 62, "fields": {"nome": "Shodan", "descricao": "", "logo": "", "website": "", "nivel_preferencia": 3, "categoria": null}}, {"model": "portfolio.tecnologia", "pk": 63, "fields": {"nome": "Excel", "descricao": "", "logo": "", "website": "", "nivel_preferencia": 3, "categoria": null}}, {"model": "portfolio.tecnologia", "pk": 64, "fields": {"nome": "InfluxDB", "descricao": "", "logo": "", "website": "", "nivel_preferencia": 3, "categoria": null}}, {"model": "portfolio.tecnologia", "pk": 65, "fields": {"nome": "Next.js", "descricao": "", "logo": "", "website": "", "nivel_preferencia": 3, "categoria": null}}, {"model": "portfolio.tecnologia", "pk": 66, "fields": {"nome": "Tailwind CSS", "descricao": "", "logo": "", "website": "", "nivel_preferencia": 3, "categoria": null}}, {"model": "portfolio.tecnologia", "pk": 67, "fields": {"nome": "Typescript", "descricao": "", "logo": "", "website": "", "nivel_preferencia": 3, "categoria": null}}, {"model": "portfolio.tecnologia", "pk": 68, "fields": {"nome": "Microsoft Visual Studio", "descricao": "", "logo": "", "website": "", "nivel_preferencia": 3, "categoria": null}}, {"model": "portfolio.tecnologia", "pk": 69, "fields": {"nome": "Odoo", "descricao": "", "logo": "", "website": "", "nivel_preferencia": 3, "categoria": null}}, {"model": "portfolio.tecnologia", "pk": 70, "fields": {"nome": "PostgreSQL", "descricao": "", "logo": "", "website": "", "nivel_preferencia": 3, "categoria": null}}, {"model": "portfolio.tecnologia", "pk": 71, "fields": {"nome": "Ionic Framework", "descricao": "", "logo": "", "website": "", "nivel_preferencia": 3, "categoria": null}}, {"model": "portfolio.tecnologia", "pk": 72, "fields": {"nome": "React.js", "descricao": "", "logo": "", "website": "", "nivel_preferencia": 3, "categoria": null}}, {"model": "portfolio.tecnologia", "pk": 73, "fields": {"nome": "Android", "descricao": "", "logo": "", "website": "", "nivel_preferencia": 3, "categoria": null}}, {"model": "portfolio.tecnologia", "pk": 74, "fields": {"nome": "iOS", "descricao": "", "logo": "", "website": "", "nivel_preferencia": 3, "categoria": null}}, {"model": "portfolio.projeto", "pk": 1, "fields": {"titulo": "Visibility and Governance Platform for AMS Projects", "descricao": "Trabalho de final de curso", "conceitos_aplicados": "Power Apps", "git_url": "", "demo_url": "", "video_url": "", "imagem": "", "data": "2026-07-31", "unidade_curricular": 26, "tecnologias": []}}, {"model": "portfolio.tfc", "pk": 1, "fields": {"titulo": "Abordagens não supervisionadas para deteção de reviews falsas em plataformas de e-commerce", "autor": "Nuno Santinhos", "ano": 2025, "resumo": "O crescimento do e-commerce trouxe um aumento significativo nas avaliações, que desempenham um papel determinante nas decisões de compra dos consumidores. Contudo, o fenómeno das fake reviews compromete a confiança nas plataformas digitais, prejudicando tanto os consumidores como as empresas. Este trabalho propõe a aplicação de técnicas de aprendizagem automatizada, como o algoritmo K-Means, e de modelos avançados baseados em redes neuronais, com o objetivo de identificar padrões associados a avaliações falsas. Recorrendo a um conjunto de dados da Amazon, recolhido entre 1996 e 2023, serão analisadas métricas comportamentais e linguísticas que possibilitam a distinção entre avaliações genuínas e falsas. Este estudo sublinha a relevância de métodos inovadores e integrados para enfrentar os desafios da manipulação de avaliações, promovendo um ambiente de comércio digital mais mais transparente e fiável.", "area": "Ciência de Dados", "url": "https://teses.deisi.ulusofona.pt/media/teses/TFC_1%C2%BA_entrega.pdf", "nivel_interesse": 3, "destaque": false, "tecnologias": [1, 4]}}, {"model": "portfolio.tfc", "pk": 2, "fields": {"titulo": "Abordagens não supervisionadas para deteção de reviews falsas em plataformas de e-commerce", "autor": "Nuno Santinhos", "ano": 2025, "resumo": "O crescimento do e-commerce trouxe um aumento significativo nas avaliações, que desempenham um papel determinante nas decisões de compra dos consumidores. Contudo, o fenómeno das fake reviews compromete a confiança nas plataformas digitais, prejudicando tanto os consumidores como as empresas. Este trabalho propõe a aplicação de técnicas de aprendizagem automatizada, como o algoritmo K-Means, e de modelos avançados baseados em redes neuronais, com o objetivo de identificar padrões associados a avaliações falsas. Recorrendo a um conjunto de dados da Amazon, recolhido entre 1996 e 2023, serão analisadas métricas comportamentais e linguísticas que possibilitam a distinção entre avaliações genuínas e falsas. Este estudo sublinha a relevância de métodos inovadores e integrados para enfrentar os desafios da manipulação de avaliações, promovendo um ambiente de comércio digital mais mais transparente e fiável.", "area": "Ciência de Dados", "url": "https://teses.deisi.ulusofona.pt/media/teses/TFC_1%C2%BA_entrega.pdf", "nivel_interesse": 3, "destaque": false, "tecnologias": [1, 4]}}, {"model": "portfolio.tfc", "pk": 3, "fields": {"titulo": "AdvenTour", "autor": "Gonçalo Neves", "ano": 2025, "resumo": "Este trabalho propõe o desenvolvimento da aplicação mobile AdvenTour, focada no turismo de aventura, um segmento que tem registado um crescimento notável nos últimos anos. De acordo com relatórios da Organização Mundial do Turismo, cerca de 40% dos turistas globais procuram experiências autênticas e emocionantes, enquanto o mercado de turismo de aventura cresce a uma taxa anual aproximada de 10%. A AdvenTour visa ser uma plataforma centralizada para que os turistas planeiem e encontrem informações sobre aventuras radicais, oferecendo uma interface simples e intuitiva para explorar e partilhar atividades emocionantes. Adicionalmente, a AdvenTour fomenta uma comunidade global de aventureiros, permitindo avaliações de utilizadores, interação direta entre membros e criação de itinerários personalizáveis. Este TFC concentra-se na conceção e desenvolvimento de funcionalidades que ajudam os utilizadores a navegar por experiências em diferentes países, fornecer feedback e planear itinerários de forma prática e eficiente. Ao centralizar dados, facilitar o planeamento de viagens e conectar aventureiros, a AdvenTour resolve o problema real da dispersão de informações no turismo de aventura, simplificando o processo para viajantes que procuram experiências fora do comum e contribuindo para o crescimento sustentável do setor, promovendo atividades de aventura que respeitem o meio ambiente e as culturas locais. Pode ajudar a reduzir a sobrecarga dos destinos turísticos populares permitindo que as comunidades locais fora dos grandes centros turísticos beneficiem economicamente, promovendo uma distribuição mais equitativa dos lucros gerados pelo turismo de aventura.", "area": "Computação Móvel", "url": "", "nivel_interesse": 3, "destaque": false, "tecnologias": [5, 6, 7, 8, 9, 10, 11, 12, 13]}}, {"model": "portfolio.tfc", "pk": 4, "fields": {"titulo": "Aplicativo para gestão de voluntários e auxilio de associações de animais", "autor": "Cátia Coelho", "ano": 2025, "resumo": "Este projeto consiste no desenvolvimento de uma aplicação móvel, que posteriormente será convertida para uma plataforma web. A ideia central da aplicação é criar uma plataforma que facilite e incentive o envolvimento das pessoas com os animais das associações de proteção animal, promovendo uma maior interação e visibilidade tanto para os animais quanto para as instituições. A aplicação permitirá que as associações criem perfis onde poderão apresentar informações sobre si mesmas e individualmente sobre os seus animais disponíveis para interação. Os utilizadores, por sua vez, poderão criar um perfil e ter acesso aos animais, com a possibilidade de agendar diretamente atividades, como passeios com cães. Para garantir a segurança e o bem-estar dos animais, será necessário que os utilizadores aceitem e cumpram os termos de responsabilidade apresentados na aplicação, previamente estabelecidos pelas associações. Esta ferramenta visa eliminar barreiras comuns ao voluntariado, como a dificuldade de contacto telefónico ou a necessidade de deslocação sem garantia de disponibilidade. Através da aplicação, as associações receberão notificações de pedidos e comprometer-se-ão a responder dentro de um prazo razoável, mantendo o processo organizado e ágil. Os utilizadores também terão informações claras sobre o estado dos seus pedidos. Além de melhorar a logística e o acesso ao voluntariado, a aplicação promove uma maior socialização dos animais, ajudando-os a interagir com um maior número de pessoas. Este contacto regular com novos rostos pode ser especialmente benéfico para animais que passaram por situações de abandono ou maus-tratos, ajudando-os a recuperar a confiança nos humanos. Por fim, a aplicação coloca sempre o bem-estar dos animais em primeiro lugar, permitindo que cada associação decida o que é melhor para os seus protegidos, respeitando as suas particularidades. O objetivo final é simplificar o processo de envolvimento das pessoas com esta causa e fortalecer a relação entre a comunidade e as associações, contribuindo para o bem-estar dos animais e o aumento das iniciativas de apoio, voluntariado e adoção.", "area": "Computação Móvel", "url": "https://teses.deisi.ulusofona.pt/media/teses/TFC_Aluno2116_AnimalTinder.pdf", "nivel_interesse": 3, "destaque": false, "tecnologias": [7, 10, 14]}}, {"model": "portfolio.tfc", "pk": 5, "fields": {"titulo": "Aplicação de controlo de assiduidade c/ terminal de picagem", "autor": "Daniel Martins", "ano": 2025, "resumo": "Aplicação web para efetuar o registo de assiduidade e submissão de documentos (justificação de falta, permuta de turno, atestados) + terminal físico para realização de picagem (\"pica-ponto\").", "area": "empresarial", "url": "https://teses.deisi.ulusofona.pt/media/teses/TFC_Aluno2108_GEu06bK.pdf", "nivel_interesse": 3, "destaque": false, "tecnologias": [1]}}, {"model": "portfolio.tfc", "pk": 6, "fields": {"titulo": "Aplicação de técnicas de análise de dados para deteção de fugas e roturas em sistemas de distribuição de água", "autor": "Wilson Silva", "ano": 2025, "resumo": "A criação de zonas de medição e controlo em sistemas de distribuição de água é fundamental para uma gestão adequada e controlo de perdas de água. A monitorização de caudal é um passo essencial para deteção e controlo célere de perdas reais (fugas, roturas em condutas…). Este trabalho pretende explorar métodos estatísticos e de análise de dados para deteção e quantificação de fugas e roturas utilizando séries temporais de caudal medido reais. Trabalho coorientado pela Eng. Dália Loureiro (LNEC).", "area": "Ciência de Dados", "url": "https://teses.deisi.ulusofona.pt/media/teses/DEISI2065.pdf", "nivel_interesse": 3, "destaque": false, "tecnologias": [1, 15, 16, 17]}}, {"model": "portfolio.tfc", "pk": 7, "fields": {"titulo": "Aplicação móvel para rastreio da hepatite C", "autor": "Miguel Santos", "ano": 2025, "resumo": "Conceção e desenvolvimento de uma aplicação móvel em colaboração com a Associação Ares do Pinhal, uma instituição com vasta experiência no apoio a pessoas com dependências. A aplicação tem como objetivo melhorar a monitorização e a adesão ao tratamento da hepatite C, especialmente para utentes com historial de toxicodependência. Focada na recolha e gestão eficiente de dados, a solução proposta visa apoiar os profissionais de saúde na prestação de cuidados mais precisos e personalizados, ao mesmo tempo que se prepara para ser adaptável a outras patologias.", "area": "Tecnologia e Desenvolvimento de Software", "url": "https://teses.deisi.ulusofona.pt/media/teses/TFC__v1_yxdlD5j.pdf", "nivel_interesse": 3, "destaque": false, "tecnologias": [10, 18, 19]}}, {"model": "portfolio.tfc", "pk": 8, "fields": {"titulo": "Aplicação móvel para recomendação de carruagens de comboios e metros com base em informação de ocupação", "autor": "Susana Wang", "ano": 2025, "resumo": "Este projeto consiste no desenvolvimento de uma aplicação relacionada com o sistema de comboios que recomenda ao utilizador uma carruagem do comboio com a menor percentagem de lotação de pessoas, promovendo uma distribuição mais equilibrada dos passageiros ao longo do comboio e com o objetivo de melhorar a experiência de mobilidade dos passageiros. Além disso, a aplicação sugere opções de comboios disponíveis com base na origem e no destino indicados pelo utilizador, permitindo um planeamento de viagem mais eficiente e personalizado.", "area": "Computação Móvel", "url": "https://teses.deisi.ulusofona.pt/media/teses/TFC_1%C2%AAentregaIntercalar_SusanaW.pdf", "nivel_interesse": 3, "destaque": false, "tecnologias": [7, 10, 14]}}, {"model": "portfolio.tfc", "pk": 9, "fields": {"titulo": "Aplicação móvel para registo e acompanhamento de queixas de mobilidade urbana", "autor": "Rui Ferreira", "ano": 2025, "resumo": "O QueixaAqui é uma aplicação móvel focada no registo e encaminhamento de queixas relacionadas com mobilidade e proteção do ambiente. A plataforma permite que os utilizadores denunciem problemas, anexem fotos e forneçam informações detalhadas sobre as ocorrências. A aplicação conta com uma funcionalidade de geolocalização, capturando automaticamente a morada da queixa, permitindo edição manual se necessário. Além disso, há uma dashboard web para a equipa da associação ZERO, onde as queixas são analisadas, categorizadas e acompanhadas através de estatísticas interativas e gráficos detalhados. Os principais tópicos da aplicação incluem: – Mobilidade (Transportes Públicos, Infraestruturas Rodoviárias e Ferroviárias, Mobilidade Ativa) – Proteção do Ambiente (como eixo complementar) A implementação técnica inclui um backend em Kotlin/Spring Boot e um frontend desenvolvido em Flutter para garantir compatibilidade com Android e iOS. O projeto também integra um sistema de envio e armazenamento de fotos, organizando-as em diretórios específicos no servidor. A proposta visa facilitar o contacto entre cidadãos e entidades responsáveis, promovendo transparência, participação cívica e melhorias urbanas.", "area": "Sustentabilidade", "url": "https://teses.deisi.ulusofona.pt/media/teses/QueixaAquiRelat%C3%B3rioIntercalar.pdf", "nivel_interesse": 3, "destaque": false, "tecnologias": [7, 10, 19, 20]}}, {"model": "portfolio.tfc", "pk": 10, "fields": {"titulo": "Aplicação para identificação de competências de diretores e alunos da Univ. Lusófona", "autor": "Miguel Melo", "ano": 2025, "resumo": "O docente Carlos Rouco juntamente com as mestrandas Paula Cipriano e Elisabete Cipriano propuseram ao Departamento de Recursos Humanos da Universidade o desenvolvimento de uma aplicaçãoweb no âmbito das teses demestrado que fizeram sobre as competências dos alunos e as competências de liderança nas áreas de chefia intermédia. Esta aplicação tem como principal objetivo auxiliar na recolha de respostas e a automatização da análise dessas competências. A aplicação será desenvolvida utilizando Kotlin e Spring, com uma base de dados em MySQL. O sistema utilizará a autenticação da Universidade Lusófona, diminuindo a dificuldade de implementação e garantindo a utilização reservada a utilizadores registados na Universidade. A solução baseia-se em três modos principais de utilização: • Modo de Aluno: permite o preenchimento de formulários com questões de escolha múltipla e a visualização do progresso nas avaliações feitas. • Modo de Colaborador (Chefias Intermédias): permite o preenchimento de formulários com respostas abertas onde as competências serão analisadas através de técnicas de Processamento de Linguagem Natural (NLP). • Modo de Recursos Humanos (RH): oferece funcionalidades para visualizar resultados médios, tanto de alunos como de colaboradores, e exportar os dados para investigações futuras. Com este projeto, pretende-se proporcionar uma ferramenta prática e eficiente para recolher e analisar os dados. A aplicação proporciona uma maneira prática de visualização do progresso dos alunos e colaboradores. Também abre as portas ao Departamento de Recursos Humanos para possíveis melhorias dentro da instituição e dos seus serviços.", "area": "Inteligência Artificial", "url": "https://teses.deisi.ulusofona.pt/media/teses/TFC_a21905215_Miguel_Melo_a22205897_Rodrigo_Dias.pdf", "nivel_interesse": 3, "destaque": false, "tecnologias": [1, 19, 20, 21, 22, 23, 24, 25, 26, 27, 28, 29]}}, {"model": "portfolio.tfc", "pk": 11, "fields": {"titulo": "Aplicações móveis para reabilitação", "autor": "Mariana Livramento", "ano": 2025, "resumo": "O Centro de Medicina de Reabilitação de Alcoitão é o mais importante centro de reabilitação da península ibérica. Este Trabalho de Fim de Curso (TFC) tem como objetivo dar continuidade ao desenvolvimento de 2 aplicações móveis: o Rehabilita (para treino de reabilitação motora) e o Rexiga (para treino de bexiga neurogénica). Ambas as aplicações estão desenvolvidas em Flutter, uma tecnologia que permite a criação de soluções multiplataforma para Android e iOS). Estas comunicam via Web Services com o servidor (Spring Boot/Kotlin). As aplicações apresentam dois perfis distintos, sendo que, dependendo das credenciais inseridas, os utilizadores são direcionados para o perfil que se adequa às suas necessidades e funções.", "area": "saúde", "url": "https://teses.deisi.ulusofona.pt/media/teses/TFC_-_Aplica%C3%A7%C3%B5es_m%C3%B3veis_para_reabilita%C3%A7%C3%A3o_-_Mariana_Livramento.pdf", "nivel_interesse": 3, "destaque": false, "tecnologias": [10, 20]}}, {"model": "portfolio.tfc", "pk": 12, "fields": {"titulo": "Auto Mecom Website ( Oficina de Reparação de Automóveis )", "autor": "Beatriz Neves", "ano": 2025, "resumo": "Este trabalho final de curso tem como propósito a melhoria do website da oficina Auto Mecom, iniciado no ano anterior, de forma que seja possível otimizar a experiência do utilizador e expandir algumas funcionalidades necessárias para o bom funcionamento do website. Apesar do trabalho anterior ter iniciado a digitalização da oficina em questão, ainda existem algumas funcionalidades por implementar, funcionalidades essas que irão permitir que finalmente o website seja lançado de forma a poder ser utilizado.", "area": "Tecnologia e Desenvolvimento de Software", "url": "https://teses.deisi.ulusofona.pt/media/teses/TFC_Empresa2001_Relatorio_Intrecalar_1semestre.docx", "nivel_interesse": 3, "destaque": false, "tecnologias": [3, 30, 31, 32]}}, {"model": "portfolio.tfc", "pk": 13, "fields": {"titulo": "Cibersegurança associada aos RPA", "autor": "Rafael Silva", "ano": 2025, "resumo": "A proposta do trabalho é utilizar a automação de processos (RPA) para detectar as ultimas vulnerabilidades dos sistemas organizacionais reportadas, obter os patch de segurança, submeter para atualização dos sistemas e adicionalmente efetuar a automação da detecção de Acessos Não Autorizados e consequente resposta a ameaças.", "area": "Inteligência Artificial", "url": "https://teses.deisi.ulusofona.pt/media/teses/Relatorio_Intercalar_Entrega_1_Final.pdf", "nivel_interesse": 3, "destaque": false, "tecnologias": [1, 33]}}, {"model": "portfolio.tfc", "pk": 14, "fields": {"titulo": "Classificação de Pacientes e Previsão de Tempos de Espera para Centro Hospitalar através de modelos Machine Learning", "autor": "Ana Toscano", "ano": 2025, "resumo": "Este trabalho é desenvolvido no âmbito da unidade curricular Trabalho Final de Curso (TFC) da Licenciatura de Ciência de Dados. A Engenheira Mariana Matos, Diretora da Unidade de Gestão de Doentes do Centro de Medicina de Reabilitação de Alcoitão (CMRA), Santa Casa da Misericórdia de Lisboa, entrou em contato com a Professora Iolanda Velho, propondo a cooperação científica na base deste TFC. O CMRA dedica-se à reabilitação de pessoas portadoras de deficiência de predomínio físico ou multideficiência congénita, de todas as idades. No ano de 2020 recebeu 665 utentes tratados em internamento, além de ter realizado 72 859 atos terapêuticos em ambulatório. Dada a amplitude do atendimento realizado pelo CMRA e a sua procura pela excelência em reabilitação, a instituição aposta no desenvolvimento tecnológico dos seus processos. Através da utilização de técnicas de Machine Learning para apoiar a gestão hospitalar, este projeto tem como objetivos: • realizar a análise de dados, cedidos pelo CMRA • desenvolver um modelo preditivo, que permita antecipar o tempo de espera de doentes que chegam ao CMRA, para internamento, ou ambulatório • no âmbito deste modelo preditivo, caracterizar o referido tempo de espera, em função da sua patologia, e área clínica do CMRA a que se refere.", "area": "Ciência de Dados", "url": "https://teses.deisi.ulusofona.pt/media/teses/DEISI2058.pdf", "nivel_interesse": 3, "destaque": false, "tecnologias": [1, 15, 16, 17, 34]}}, {"model": "portfolio.tfc", "pk": 15, "fields": {"titulo": "Classificação do estado de funcionamento de uma eólica offshore recorrendo  a AI", "autor": "Tiago Castro Mota", "ano": 2025, "resumo": "Nos últimos anos, a Europa aumentou significativamente os seus investimentos em en- ergias renováveis, impulsionada pela necessidade de reduzir a dependência de com- bustíveis fósseis, cumprir as metas climáticas e reforçar a resiliência energética. Com os mercados globais de energia a enfrentar volatilidade, fontes de energia renovável como a eólica e a solar desempenham um papel crucial na garantia de um futuro en- ergético sustentável e independente para o continente. Os parques eólicos offshore, em particular, tornaram-se um pilar da estratégia europeia para as energias renováveis, ofer- ecendo um enorme potencial devido aos vastos recursos de vento disponíveis ao longo das suas costas. Projetos como o WindFloat Atlantic, localizado ao largo da costa de Viana do Castelo, em Portugal, são exemplos desta transição, demonstrando a cres- cente importância da energia eólica offshore no mix energético europeu. Um aspeto crucial para maximizar a eficiência e a sustentabilidade destes projetos renováveis é garantir a operação fiável das turbinas eólicas offshore. Práticas eficientes de operação e manutenção (O&M) são essenciais para prevenir paragens das turbinas, reduzir custos operacionais e otimizar a produção de energia. Contudo, devido ao ambi- ente remoto e adverso onde estas instalações estão localizadas, monitorizar e prever o estado de funcionamento das turbinas apresenta desafios únicos. Este trabalho procura responder a esta necessidade, propondo uma abordagem ino- vadora para prever o estado operacional das três turbinas do cluster WindFloat Atlantic, utilizando dados de código aberto e imagens de satélite avançadas. Tirando partido dos dados de alta resolução fornecidos pelo SENTINEL-2, parte do programa europeu de observação terrestre Copernicus, juntamente com informações da European Network of Transmission System Operators for Electricity (ENTSO-E), o algoritmo desenvolvido per- mitirá previsões mais precisas do desempenho das turbinas. Este modelo tem como objetivo fornecer informações valiosas que possam melhorar as estratégias de O&M, assegurando a fiabilidade e eficiência a longo prazo destes ativos críticos de energia renovável. Ao utilizar estas fontes de dados de código aberto, esta investigação contribui para melhorar a sustentabilidade e a resiliência operacional da energia eólica offshore, apoiando os objetivos mais amplos da Europa de independência energética e responsabilidade am- biental.", "area": "Ciência de Dados e Inteligência Artificial", "url": "https://teses.deisi.ulusofona.pt/media/teses/TFC___Tiago_3.pdf", "nivel_interesse": 3, "destaque": false, "tecnologias": [1]}}, {"model": "portfolio.tfc", "pk": 16, "fields": {"titulo": "Comparação de Estratégias de Marketing Digital Baseadas em Redes Sociais para Pequenas e Médias Empresas (PMEs)", "autor": "Perla Lima", "ano": 2025, "resumo": "Este trabalho analisa comparativamente as estratégias de marketing digital em redes sociais para Pequenas e Médias Empresas (PMEs), com foco nas ferramentas publicitárias Facebook Ads, Instagram Ads e TikTok Ads. Utilizando métricas como envolvimento, cliques, conversões e custo por lead, avalia-se a eficácia de cada plataforma em termos de custo-benefício e retorno sobre o investimento (ROI). A pesquisa combina a revisão de literatura com a análise de campanhas simuladas e reais, empregando ferramentas disponibilizadas pelas respetivas plataformas das redes socias e softwares de análise de dados para identificar como variáveis como orçamento e público-alvo influenciam os resultados. Os principais resultados destacam a importância de estratégias personalizadas e apontam recomendações práticas para que PMEs otimizem os seus recursos, maximizem resultados e escolham plataformas adequadas ao seu tipo de produto, público-alvo e orçamento. O estudo contribui para a compreensão académica e prática do impacto das redes sociais no desempenho de campanhas digitais.", "area": "empresarial", "url": "https://teses.deisi.ulusofona.pt/media/teses/Aluno2129.pdf", "nivel_interesse": 3, "destaque": false, "tecnologias": [35]}}, {"model": "portfolio.tfc", "pk": 17, "fields": {"titulo": "Configurador Software Aviónico  e gerador de código fonte", "autor": "Ricardo Costa Lopes", "ano": 2025, "resumo": "Este projeto tem como referência um projeto do ano anterior, que se pretende dar continuidade. Assim como no ano passado o projeto mantém o objetivo de aprimorar a configuração de sistemas aviónicos espaciais, especificamente no contexto do Integrated Modular Avionic (IMA) e da arquitetura do software AIR desenvolvido pela empresa GMV. A solução atualmente proposta pretende dar continuidade, efetuado o desenvolvimento de uma Interface Gráfica Avançada (IGA) que redefine os padrões de eficiência, segurança e conformidade na configuração de sistemas espaciais. Pretende-se que o IGA seja intuitivo e centrado na usabilidade, proporcionando uma experiência eficaz mesmo para utilizadores com conhecimentos técnicos limitados. A principal funcionalidade da IGA é a geração automática de código-fonte com base nas configurações modeladas na interface. Isso não apenas otimiza o processo de configuração, mas também garante a precisão e a conformidade com as melhores práticas de programação.", "area": "Sistemas Operativos", "url": "https://teses.deisi.ulusofona.pt/media/teses/TFC_DEISI2029_Configurador_Software_Avi%C3%B3nico_e_gerador_de_c%C3%B3digo.pdf", "nivel_interesse": 3, "destaque": false, "tecnologias": [30, 31, 32, 36, 37, 38]}}, {"model": "portfolio.tfc", "pk": 18, "fields": {"titulo": "Dashboard para Monitorização em Tempo Real da Produção e Consumo de Energia no Campus", "autor": "Francisco Lucas", "ano": 2025, "resumo": "Desenvolver um dashboard que mostre a produção de energia pelos painéis fotovoltaicos e o consumo de energia no campus, fornecendo uma visão clara e prática do estado energético da instituição e indicadores de desempenho. O dashboard devia apresentar indicadores acumulados de contadores de energia, uma análise de desempenho (mal, bom, preciso de melhorar), histórico e tendências e poupanças financeiras estimados. O dashboard é para sensibilizar as pessoas no campus para a energia eficiente.", "area": "Sustentabilidade", "url": "https://teses.deisi.ulusofona.pt/media/teses/DEISI2118.pdf", "nivel_interesse": 3, "destaque": false, "tecnologias": [1, 30, 32, 39]}}, {"model": "portfolio.tfc", "pk": 19, "fields": {"titulo": "Design and Implementation of a 6G Testbed for Pilot Planning", "autor": "Luisa Ferreira", "ano": 2025, "resumo": "Establish a robust testing environment to evaluate and validate various 6G network technologies and use cases, ensuring that key features such as dynamic trust, continuous security monitoring, and intelligent edge computing are effectively integrated and assessed.", "area": "Segurança Informática", "url": "https://teses.deisi.ulusofona.pt/media/teses/itrust6GentregaIntercalar.docx", "nivel_interesse": 3, "destaque": false, "tecnologias": [1, 8, 31, 39, 40, 41, 42]}}, {"model": "portfolio.tfc", "pk": 20, "fields": {"titulo": "Deteção de Microplásticos", "autor": "Damien Nazário", "ano": 2025, "resumo": "Neste trabalho final de curso, propõe-se o desenvolvimento de um modelo computacional para a deteção de microplásticos em amostras de água. A metodologia adotada assenta na implementação de algoritmos de processamento de imagem, concebidos para identificar e classificar automaticamente partículas de microplásticos.", "area": "Ciência de Dados", "url": "https://teses.deisi.ulusofona.pt/media/teses/TFC_rik0Brg.pdf", "nivel_interesse": 3, "destaque": false, "tecnologias": [1, 43]}}, {"model": "portfolio.tfc", "pk": 21, "fields": {"titulo": "DigiDoc – app inteligente de gerenciamento de documentos", "autor": "Bruno Ramos", "ano": 2025, "resumo": "DigiDoc é uma aplicação móvel desenvolvida pelo aluno licenciado em engenharia informática, Bruno Ramos, focada na gestão digital de documentos pessoais. O utilizador pode escolher um tipo de documento (como Cartão de Cidadão, Passaporte, etc.), digitalizá-lo através da câmara, e a app deteta automaticamente o documento na imagem, permitindo ajustar o recorte. Depois, realiza extração de texto (OCR) para facilitar a pesquisa por palavras-chave. A app ainda mapeia a data de validade dos documentos para enviar notificações. Também permite organizar documentos em dossiers associados a pessoas ou entidades, com proteção por código de acesso. Usa SQFLite como base de dados local.", "area": "Computação Móvel", "url": "https://teses.deisi.ulusofona.pt/media/teses/TFC_DEISI2059_digidoc.pdf", "nivel_interesse": 3, "destaque": false, "tecnologias": [10]}}, {"model": "portfolio.tfc", "pk": 22, "fields": {"titulo": "Disentanglement in multiparty conversation", "autor": "Daniel Nascimento", "ano": 2025, "resumo": "When confronted with multiple people interacting with each other there exists a need to separate and identify multiple conversations to participate in them. As online interactions increase, the ability to do the same within complex digital environments becomes critical for ensuring clarity and effective communication and analysis of dialogue. We address this challenge by analyzing the current best practices used, attempting potential improvements and studying the use of machine learning techniques to enhance the accuracy and efficiency of conversation disentanglement.", "area": "Ciência de Dados", "url": "https://teses.deisi.ulusofona.pt/media/teses/TFC_DEISI_Disentanglement.pdf", "nivel_interesse": 3, "destaque": false, "tecnologias": [1]}}, {"model": "portfolio.tfc", "pk": 23, "fields": {"titulo": "Ferramenta de Anotação", "autor": "Fábio Lopes", "ano": 2025, "resumo": "Ferramenta de anotação personalizada de dados. Em diversas áreas de machine learning, há a necessidade de anotar dados para que depois possam ser utilizados em modelos. A ferramenta deverá anotar dados de conversas online com o objetivo de resolver um problema em NLP denominada \"disentanglement\". Anotações como estas exigem vários anotadores, pelo que a ferramenta deve ser capaz de calcular o nível de concordância (agreement) entre eles.", "area": "Ciência de Dados", "url": "", "nivel_interesse": 3, "destaque": false, "tecnologias": [1, 44]}}, {"model": "portfolio.tfc", "pk": 24, "fields": {"titulo": "Gestão de distribuição alimentar v2", "autor": "Tiago Henrique Duarte Da Silva Jorge", "ano": 2025, "resumo": "Ferramenta de gestão alimentar", "area": "empresarial", "url": "https://teses.deisi.ulusofona.pt/media/teses/Relatorio_Intercalar_DEISI2042.docx", "nivel_interesse": 3, "destaque": false, "tecnologias": [8, 26, 37, 39]}}, {"model": "portfolio.tfc", "pk": 25, "fields": {"titulo": "IMOinvestor: Inovação no Investimento Imobiliário (Back-end)", "autor": "Akashpreet Singh", "ano": 2025, "resumo": "Este Trabalho Final de Curso (TFC) centra-se no desenvolvimento de uma aplicação back end especializada para o setor imobiliário, direcionada às necessidades dos investidores. A proposta, desenvolvida em colaboração com a empresa IMOINVESTOR, procura colmatar uma lacuna significativa no mercado português, onde não existem soluções digitais adaptadas à análise e gestão de investimentos imobiliários. O sistema integra funcionalidades como o cálculo de retorno sobre o investimento (ROI), gestão de portfólios e propriedades, e acesso a dados fiscais e projeções de valorização. O desenvolvimento utiliza tecnologias robustas, como o Django REST Framework, garantindo escalabilidade, segurança e eficiência. A solução proposta visa centralizar informações cruciais e promover a democratização do acesso a ferramentas avançadas, contribuindo para decisões mais informadas no setor. A parceria com a IMOINVESTOR tem sido essencial para assegurar que a aplicação responde às necessidades reais do mercado, sendo validada com utilizadores reais. O projeto inclui ainda um plano rigoroso de testes para garantir a sua relevância e aplicabilidade. Este TFC tem como objetivo alcançar padrões de excelência, contribuindo para a transformação digital no mercado imobiliário em Portugal.", "area": "Imobiliário", "url": "https://teses.deisi.ulusofona.pt/media/teses/DEISI2044.pdf", "nivel_interesse": 3, "destaque": false, "tecnologias": [1, 3, 12, 41, 45, 46]}}, {"model": "portfolio.tfc", "pk": 26, "fields": {"titulo": "IMOinvestor: Inovação no Investimento Imobiliário – (Front-end – App & Web)", "autor": "José Vale", "ano": 2025, "resumo": "O ImoInvestor é uma plataforma digital inovadora desenvolvida para estabelecer um novo padrão para plataformas imobiliárias orientadas a investidores, no mercado português. Diferentemente das soluções tradicionais, que se concentram nos consumidores finais, o ImoInvestor foca-se em fornecer ferramentas avançadas e personalizadas para apoiar decisões estratégicas no setor imobiliário. Funcionalidades como filtros avançados para imóveis com elevado retorno sobre investimento (ROI), gráficos interativos de projeção financeira e relatórios personalizados distinguem esta aplicação, promovendo uma abordagem eficiente e orientada para dados. Este trabalho foca-se no desenvolvimento do front-end, responsável por criar uma interface intuitiva e funcional que simplifica a apresentação de informações complexas e otimiza a experiência do utilizador.", "area": "Imobiliário", "url": "https://teses.deisi.ulusofona.pt/media/teses/DEISI2043.pdf", "nivel_interesse": 3, "destaque": false, "tecnologias": [11, 30, 31, 44]}}, {"model": "portfolio.tfc", "pk": 27, "fields": {"titulo": "IMOinvestor: Inovação no Investimento Imobiliário – (Front-end – App & Web)", "autor": "José Maria Chaves Da Cunha De Lucena", "ano": 2025, "resumo": "IMOinvestor é uma plataforma digital projetada para transformar o modo como os investidores acessão e gerenciam oportunidades no mercado imobiliário. Este projeto visa desenvolver uma solução tecnológica que permita aos usuários explorar, analisar e investir em imóveis de maneira eficiente e informativa. Através de uma interface intuitiva, IMOinvestor proporcionará ferramentas de pesquisa avançada, detalhes completos dos imóveis, e um sistema de gestão de investimentos integrado.", "area": "Computação Gráfica", "url": "https://teses.deisi.ulusofona.pt/media/teses/1325.pdf", "nivel_interesse": 3, "destaque": false, "tecnologias": [10, 11, 31, 47]}}, {"model": "portfolio.tfc", "pk": 28, "fields": {"titulo": "Identificação de arritmias via app", "autor": "Sebastião Coelho", "ano": 2025, "resumo": "O objetivo do trabalho é contribuir para a identificação precoce de arritmias através de um modelo de machine learning e integrar o mesmo numa aplicação móvel previamente desenvolvida capaz de fazer a leitura da frequência cardíaca através de uma técnica chamada Fotopletismografia, com o objetivo de prever eventos negativos.", "area": "Inteligência Artificial", "url": "https://teses.deisi.ulusofona.pt/media/teses/TFC_DEISI22202310_ARRITMIAS_APP.docx", "nivel_interesse": 3, "destaque": false, "tecnologias": [1, 4, 16, 17, 48]}}, {"model": "portfolio.tfc", "pk": 29, "fields": {"titulo": "Interface Azure para ERP", "autor": "Tiago Amaro", "ano": 2025, "resumo": "Pretende-se criar uma solução baseada em micro-serviços que permita a integração de ERP empresarial, em particular na componente de Gestão de Recursos Humanos (GRH), com plataforma Microsoft Azure de modo a gerir utilizadores desta de forma transparente a partir da relação laboral. O desenvolvimento será focado em Entra ID e MS365, mas poderá evoluir para funcionalidades mais avançadas", "area": "Tecnologia e Desenvolvimento de Software", "url": "https://teses.deisi.ulusofona.pt/media/teses/DEISI2037.pdf", "nivel_interesse": 3, "destaque": false, "tecnologias": [1, 39, 49]}}, {"model": "portfolio.tfc", "pk": 30, "fields": {"titulo": "Interface Azure para ERP", "autor": "Tiago Amaro", "ano": 2025, "resumo": "Pretende-se criar uma solução baseada em micro-serviços que permita a integração de ERP empresarial, em particular na componente de Gestão de Recursos Humanos (GRH), com plataforma Microsoft Azure de modo a gerir utilizadores desta de forma transparente a partir da relação laboral. O desenvolvimento será focado em Entra ID e MS365, mas poderá evoluir para funcionalidades mais avançadas", "area": "Tecnologia e Desenvolvimento de Software", "url": "https://teses.deisi.ulusofona.pt/media/teses/DEISI2037_taZ6YdA.pdf", "nivel_interesse": 3, "destaque": false, "tecnologias": [1, 49]}}, {"model": "portfolio.tfc", "pk": 31, "fields": {"titulo": "IoT Lab2.0 – CGI – Indústria", "autor": "Ricardo Borges", "ano": 2025, "resumo": "(Continuidade de TFC de 2023/24) \"IoT-Internet of Things Lab\" baseado em duas maquetes funcionais com o objetivo de materializar a Internet das Coisas em algo \"físico e real\". Demonstrando que o valor do conceito se materializa através de sinergias obtidas num ecossistema de tecnologias integradas e é maior que as partes separadamente. Desafio – Frontend (Operacional & Dashboarding) – Analítica e Machine Learning – Mobile com integração de realidade aumentada", "area": "Inteligência Artificial", "url": "https://teses.deisi.ulusofona.pt/media/teses/DEISI2018.pdf", "nivel_interesse": 3, "destaque": false, "tecnologias": [10, 26, 50]}}, {"model": "portfolio.tfc", "pk": 32, "fields": {"titulo": "My Lessons : Gestão Inteligente de Escolas", "autor": "Francisco Sousa", "ano": 2025, "resumo": "Acredito profundamente que o tempo é o nosso recurso mais valioso e limitado, e que o ensino é a forma mais eficaz de transformar positivamente o mundo. Para concretizar plenamente este potencial, desenvolvi a plataforma My Lessons, uma solução digital inovadora e integrada que utiliza Inteligência Artificial para automatizar tarefas administrativas rotineiras, libertando tempo para educadores, líderes escolares e famílias se focarem no que realmente importa. Com uma abordagem centrada na simplicidade, personalização e integração estratégica, o My Lessons oferece desde gestão financeira simplificada, organização eficiente de aulas e eventos, relatórios automáticos de progresso, até comunicação automatizada e integração com ferramentas essenciais, como calendários digitais, Stripe, Twilio, YouTube e Google, garantindo uma gestão superior e uma experiência educativa enriquecedora para todos os utilizadores.", "area": "Artificial Intelligence", "url": "", "nivel_interesse": 3, "destaque": false, "tecnologias": [1, 3, 7, 10, 11, 14, 22, 25, 26, 51]}}, {"model": "portfolio.tfc", "pk": 33, "fields": {"titulo": "NicePandora", "autor": "Francisco Chambel", "ano": 2025, "resumo": "O Pandora é uma plataforma educacional inovadora que utiliza inteligência artificial para melhorar a avaliação e compreensão de código em ambientes de aprendizagem. Este sistema foi projetado para resolver problemas enfrentados por professores e alunos durante processos de avaliação em disciplinas de programação, proporcionando feedback detalhado, contextualizado e adaptado ao nível de competência do utilizador. A solução implementa funcionalidades avançadas, como a análise de código comparativa entre submissões de alunos e códigos de referência, exibição de mensagens de erros detalhadas, e relatórios de progresso para professores. Além disso, o Pandora oferece personalização no feedback, incluindo dicas ajustadas, validação estrutural de código e uma interface intuitiva que facilita a navegação e a usabilidade por parte de novos utilizadores. No desenvolvimento, priorizou-se uma abordagem modular e escalável, permitindo integração com ferramentas educacionais existentes e suporte a múltiplas linguagens de programação. Foram realizados testes em ambiente controlado para validar a eficácia das funcionalidades propostas, demonstrando resultados promissores na melhoria da aprendizagem e eficiência na correção de códigos. Com potencial para ser implementado em larga escala, o Pandora atende aos critérios de um produto viável mínimo, validando os conceitos propostos e destacando-se como uma solução prática e eficiente para desafios reais no ensino de programação. A plataforma está pronta para evoluir para ambientes de produção, demonstrando grande impacto.", "area": "Inteligência Artificial", "url": "https://teses.deisi.ulusofona.pt/media/teses/TFC_DEISI2112_NicePandora.pdf", "nivel_interesse": 3, "destaque": false, "tecnologias": [1, 3, 8, 11, 31, 52, 53, 54, 55, 56]}}, {"model": "portfolio.tfc", "pk": 34, "fields": {"titulo": "OP – Opening Doors", "autor": "Guilherme Ribeiro", "ano": 2025, "resumo": "O projeto consiste na criação de um sistema para controlo remoto de portas utilizando um servidor Flask e um Arduino Uno WiFi. O servidor Flask é responsável por gerir os utilizadores e as portas através de uma API REST, permitindo: – Registar utilizadores e armazenar credenciais encriptadas. – Criar e gerir portas associadas a cada utilizador. – Enviar comandos ao Arduino para abrir ou fechar portas. A comunicação entre o Flask e o Arduino é feita através da porta serial (USB). Quando um utilizador solicita a abertura de uma porta, o servidor envia um comando ao Arduino, que recebe a instrução e aciona um LED (ou uma fechadura, numa versão avançada). A base de dados SQLite armazena os utilizadores e as portas associadas. Cada porta tem um estado (\"aberta\" ou \"fechada\") e um canal de comunicação definido. O Arduino Uno WiFi está programado para: 1. Ler comandos recebidos pela porta serial. 2. Acionar o LED interno como indicador de estado. 3. Responder ao servidor Flask com mensagens de confirmação. Este projeto pode ser expandido para integrar fechaduras eletrónicas reais, autenticação de utilizadores e comunicação via WiFi em vez de USB.", "area": "Tecnologia e Desenvolvimento de Software", "url": "https://teses.deisi.ulusofona.pt/media/teses/DEISI2079.pdf", "nivel_interesse": 3, "destaque": false, "tecnologias": [1, 50, 57]}}, {"model": "portfolio.tfc", "pk": 35, "fields": {"titulo": "Plataforma MentHA Digital, Mental Health and Aging", "autor": "Tomás Nave", "ano": 2025, "resumo": "O Projeto MentHA (Mental Health and Aging) tem como objetivo desenvolver e otimizar uma aplicação Web destinada a melhorar o bem-estar e a qualidade de vida de adultos mais velhos com défice cognitivo, demência leve ou transtornos dissociativos de identidade, bem como apoiar os seus cuidadores formais e informais, promovendo a saúde mental na comunidade.", "area": "educação", "url": "https://teses.deisi.ulusofona.pt/media/teses/DEISI2106.pdf", "nivel_interesse": 3, "destaque": false, "tecnologias": [1, 3, 8, 21, 30, 31, 32, 45, 58]}}, {"model": "portfolio.tfc", "pk": 36, "fields": {"titulo": "Plataforma de Cibersegurança Inteligente", "autor": "Miguel Loureço", "ano": 2025, "resumo": "Plataforma que recolhe toda a informação dos vários ativos de uma empresa (servidores, PCs, switches, routers, etc) para permitir ter toda a visão de cadastro, bem como analisar dados de rede interna e externa sobre uma empresa. Esta plataforma permite desta forma analisar vulnerabilidades e realizar análises inteligentes de prevenção a ataques.", "area": "Segurança e Controlo", "url": "https://teses.deisi.ulusofona.pt/media/teses/DEISI2027.pdf", "nivel_interesse": 3, "destaque": false, "tecnologias": [1, 11, 57, 59, 60, 61, 62]}}, {"model": "portfolio.tfc", "pk": 37, "fields": {"titulo": "Plataforma de E-commerce Shopify", "autor": "Bruno Rodrigues", "ano": 2025, "resumo": "O presente Trabalho Final de Curso (TFC) tem como objetivo demonstrar a construção de uma loja online, Infinity, através da utilização da plataforma Shopify. Pretende-se criar uma solução capaz de acompanhar o crescimento do mercado de e-commerce, bem como oferecer uma proposta inovadora que combina a personalização da loja, através da integração de novas tecnologias como a Inteligência Artificial, e a incorporação de redes sociais, para fortificar a relação com o cliente. O relatório demonstra uma análise detalhada do mercado de e-commerce comparando soluções existentes, como: Shopify, Woocommerce, VTEX, Salesforce Commerce Cloud e Adobe Commerce. Recorrendo aos dados obtidos nesta análise, identificam-se lacunas e oportunidades que justificam a relevância e pertinência do projeto. Para uma melhor abordagem do problema acima referido foram combinados diversos conceitos adquiridos ao longo da licenciatura, relacionados com o planeamento de projeto, desde a recolha e análise de requisitos até à realização de testes de validação.", "area": "Inteligência Artificial", "url": "https://teses.deisi.ulusofona.pt/media/teses/TFC_DEISI2007_Plataforma_e-commerce_Shopify.pdf", "nivel_interesse": 3, "destaque": false, "tecnologias": [31]}}, {"model": "portfolio.tfc", "pk": 38, "fields": {"titulo": "Plataforma de Low-Code", "autor": "Rodrigo Rodrigues", "ano": 2025, "resumo": "OBJETIVO: desenvolvimento de aplicações baseadas em plataforma lowcode. modelação de dados, desenho de fluxos aplicacionais, SQL e de rotinas plsql, javascript, workspaces. PLANO RESUMO: Compreender BD e Plataformas lowcode Desenhar e criar BD relacional Desenhar e desenvolver aplicação em lowcode Conceitos como autenticação, autorização, acessibilidade, responsivo", "area": "Management", "url": "", "nivel_interesse": 3, "destaque": false, "tecnologias": [31, 32, 39]}}, {"model": "portfolio.tfc", "pk": 39, "fields": {"titulo": "Plataforma de Monitorização de Albufeiras", "autor": "Ricardo Gonçalves", "ano": 2025, "resumo": "A proposta de projeto WATER-WISE (Plataforma Geoespacial para Gestão Inteligente da Água), que neste momento se encontra em avaliação, tem como objetivo dar resposta às necessidades de gestores de recursos hídricos, agricultores e investigadores, através de soluções e ferramentas capazes de gerir os recursos hídricos e as práticas agrícolas. O foco principal deste projeto é desenvolver uma aplicação web, com a função de integrar e processar dados provenientes de diversas fontes e posteriormente apresentá-los de uma forma visual e dinâmica, para apoiar estas mesmas necessidades. Esta aplicação irá recolher e processar dados provenientes de outros grupos do projeto, como: medições no terreno, dados de telemetria, análises de modelos preditivos, projeções climáticas e previsões meteorológicas. Esses modelos permitem simular cenários como balanços hídricos, dinâmicas de bacias hidrográficas e condições dos reservatórios, oferecendo informações que ajudam a prever necessidades futuras e a identificar potenciais riscos. A integração destes criará uma aplicação capaz de proporcionar aos utilizadores uma visão clara e detalhada da situação atual e da disponibilidade dos recursos hídricos. Sobre as funcionalidades principais que vão estar disponíveis na aplicação, a mesma contará com: visualização de dados através de dashboards, gráficos, mapas e séries temporais interativos, possibilitando que os utilizadores façam a sua análise da forma que pretenderem. Terá também sistemas de alerta através de ML, com o objetivo de notificar os utilizadores sobre condições específicas, como situações de seca agrícola ou níveis baixos de água. Estas funcionalidades facilitam a gestão dos recursos disponíveis. Com uma interface intuitiva e fácil de usar, a aplicação estará disponível em português, inglês e espanhol, garantindo que os parceiros do projeto Europeu possam utilizar a mesma sem qualquer problema. Garantir essa acessibilidade e disponibilidade é bastante importante, pois reflete o compromisso deste projeto com a disponibilização fácil da informação e das soluções. O projeto Water-Wise será realizado com o intuito de promover e adaptar a utilização deste tipo de ferramentas, sendo assim, uma solução flexível e inovadora que ajudará tanto os agricultores como todos os utilizadores que necessitarem da informação tratada e disponibilizada pelo mesmo, promovendo uma melhor tomada de decisão face às mudanças climáticas previstas.", "area": "Agricultura", "url": "https://teses.deisi.ulusofona.pt/media/teses/TFC_DEISI2105_WATER-Wise_entrega1.pdf", "nivel_interesse": 3, "destaque": false, "tecnologias": [31, 44, 63, 64, 65, 66, 67]}}, {"model": "portfolio.tfc", "pk": 40, "fields": {"titulo": "Plataforma e-commerce Shopify", "autor": "Bruno Gonçalo Branco Rodrigues", "ano": 2025, "resumo": "Pretende-se desenvolver um conjunto alargado de plataformas de e-commerce B2C e B2B com integrações com redes sociais, Google ads, plataformas de pagamentos entre outros.", "area": "Computação Gráfica", "url": "https://teses.deisi.ulusofona.pt/media/teses/1295.pdf", "nivel_interesse": 3, "destaque": false, "tecnologias": [11, 18, 31, 44]}}, {"model": "portfolio.tfc", "pk": 41, "fields": {"titulo": "Power Platform Digital Transformation", "autor": "Ricardo Alexandre Gonçalves", "ano": 2025, "resumo": "O projeto centra-se na modernização dos sistemas de radiocomunicações de uma entidade, através da implementação de um novo portal baseado em tecnologias da Microsoft e Power Platform. Esta solução visa substituir soluções já existentes, e promover a digitalização de processos, explorando tendências tecnológicas emergentes por intermédio de ferramentas Low-Code. A nova plataforma está a ser concebida com um design moderno e compatível com os sistemas existentes, enquanto a mesma trabalha na organização unificada das funcionalidades que guiarão a estrutura do portal. A plataforma representa uma abordagem inovadora ao desenvolvimento de soluções digitais, democratizando o acesso à criação de aplicações através de ferramentas Low-Code. Estas funcionalidades permitem acelerar o desenvolvimento, oferecer personalização e aumentar a eficiência dos processos. A plataforma foi testada e validada em ambiente de produção, demonstrando vantagens significativas, especialmente para pequenas e médias empresas, ao reduzir custos e superar barreiras no acesso a tecnologias avançadas. Os resultados obtidos evidenciam o potencial transformador das plataformas Low-Code no contexto organizacional, destacando o seu contributo para a digitalização, a eficiência e a inovação tecnológica. O projeto não só procura a criação de soluções escaláveis e adaptáveis, como também reforçou o papel estratégico destas tecnologias na modernização empresarial e institucional. Esta abordagem revela-se de elevado valor para o mercado, ao abrir novas possibilidades para o desenvolvimento tecnológico de organizações com diferentes dimensões e necessidades.", "area": "Telecommunications", "url": "", "nivel_interesse": 3, "destaque": false, "tecnologias": [68]}}, {"model": "portfolio.tfc", "pk": 42, "fields": {"titulo": "Rede Social para a Comunidade Universitaria", "autor": "Francisco Gomes", "ano": 2025, "resumo": "Este TFC consiste em desenvolver uma WebApp e uma aplicação móvel que permitam aos estudantes universitários expor e partilhar os seus trabalhos/atividades da vida académica, criar e personalizar os seus portfólios/perfis, com a possibilidade de integrar um marketplace para venda dos trabalhos ou merchandising.", "area": "Computação Móvel", "url": "https://teses.deisi.ulusofona.pt/media/teses/TFC_G2131_ON-CREATION.pdf", "nivel_interesse": 3, "destaque": false, "tecnologias": [7, 10, 14]}}, {"model": "portfolio.tfc", "pk": 43, "fields": {"titulo": "Segmentação de incêndios florestais", "autor": "Francisco Perpétuo Alves", "ano": 2025, "resumo": "Os incêndios florestais constituem um dos desastres naturais mais devastadores, causando impactos ambientais, sociais e económicos significativos. Estes eventos ameaçam ecossistemas inteiros, comprometem a biodiversidade, colocam vidas humanas e animais em risco e contribuem para o agravamento das alterações climáticas devido à emissão de gases com efeito de estufa. Assim, a deteção precoce e eficiente de incêndios é essencial para mitigar os seus danos e permitir intervenções rápidas e eficazes. O desenvolvimento de incêndios florestais ocorre em duas fases principais: a emissão de fumo, que é o primeiro indicador visível do início de uma combustão, e, posteriormente, o aparecimento de chamas, que marcam um estado mais avançado e perigoso do fogo. A deteção de fumo é particularmente desafiante devido à sua natureza translúcida e à dispersão em condições ambientais adversas, como ventos ou luminosidade variável. Por outro lado, o fogo é mais fácil de identificar, mas quando visível, normalmente já representa uma situação crítica. Assim, um sistema de deteção eficaz deve ser capaz de identificar tanto o fumo quanto o fogo para facilitar uma intervenção atempada. Esta trabalho propõe o desenvolvimento de um sistema avançado baseado em deep learning para a segmentação simultânea de fumo e fogo em imagens. Serão exploradas duas arquiteturas reconhecidas pela sua eficiência em tarefas de segmentação, a U-Net e a ResUNet, ambas capazes de realizar classificações pixel-a-pixel em cenários complexos. Os modelos serão treinados e avaliados utilizando dois conjuntos de dados: o Corsican, um dataset público, e o Gestosa, um dataset privado, ambos contendo imagens captadas por drones e sensores térmicos. O estudo também investigará a melhoria dessas arquiteturas por meio da otimização das funções de perda para aumentar a sua precisão e robustez, especialmente em condições ambientais desafiadoras. A otimização das arquiteturas visa melhorar a deteção de padrões complexos, como os contornos irregulares de fumo e fogo, e garantir uma maior eficácia em diferentes cenários. Espera-se que os resultados desta trabalho demonstrem a viabilidade e a eficácia de sistemas baseados em deep learning para a deteção precoce de incêndios florestais. Esta abordagem representa um avanço significativo ao combinar a identificação de fumo e fogo numa única solução, com potencial para transformar as estratégias de monitorização, resposta a emergências e preservação ambiental.", "area": "Ciência de Dados", "url": "https://teses.deisi.ulusofona.pt/media/teses/DEISI2057.pdf", "nivel_interesse": 3, "destaque": false, "tecnologias": [1, 43]}}, {"model": "portfolio.tfc", "pk": 44, "fields": {"titulo": "Sistema Integrado de Gestão de Stocks", "autor": "Fábio Tomé", "ano": 2025, "resumo": "Este trabalho analisa o fluxo operacional e os desafios de gestão de stock de uma empresa localizada no MARL, dedicada à distribuição de frutas, hortícolas e legumes. Foram identificados problemas relacionados com a gestão manual de tabelas de stock em Excel, resultando em potenciais erros na contagem e na faturação. Como método, foi realizado um levantamento detalhado do funcionamento das operações da empresa, incluindo armazenamento, processamento em fábrica e vendas, bem como das entradas e saídas registadas nos sistemas de controlo. As principais conclusões incluem a necessidade de automatizar processos para reduzir erros, melhorar a rastreabilidade e otimizar os tempos de resposta, garantindo maior eficiência na operação e na satisfação dos clientes.", "area": "empresarial", "url": "https://teses.deisi.ulusofona.pt/media/teses/TFC_DEISI2425_Sistema_Integrado_de_Sistemas_de_Stocks.pdf", "nivel_interesse": 3, "destaque": false, "tecnologias": [69]}}, {"model": "portfolio.tfc", "pk": 45, "fields": {"titulo": "Utilização de Inteligência Artificial no combate aos comportamentos aditivos e dependências", "autor": "Afonso Amaral", "ano": 2025, "resumo": "Em estreita colaboração com a Associação Ares do Pinhal (AdP), uma IPSS que tem como missão promover a inclusão social de pessoas com comportamentos aditivos e dependências centrada numa abordagem de redução de riscos e danos, neste trabalho pretende-se aplicar a inteligência artificial para analisar a grande quantidade de dados que a AdP é detentora, de modo a encontrar tendências e produzir insights relevantes no combate à toxicodependência e consequentes danos associados ao consumo.", "area": "Ciência de Dados", "url": "https://teses.deisi.ulusofona.pt/media/teses/DEISI2113.pdf", "nivel_interesse": 3, "destaque": false, "tecnologias": [1, 8, 16, 17, 70]}}, {"model": "portfolio.tfc", "pk": 46, "fields": {"titulo": "i-Inflation", "autor": "Gonçalo Barata", "ano": 2025, "resumo": "A inflação é um indicador económico crítico que afeta indivíduos, empresas e governos igualmente. Apesar da sua importância, muitas pessoas não têm uma compreensão clara de como a inflação é calculada e os fatores que contribuem para a mesma. O ob- jetivo deste projeto, i-Inflation, é desenvolver uma aplicação móvel e uma aplicação web que permita aos usuários colaborar e calcular com eficiência a inflação. A plataforma fornecerá ferramentas para diversas partes interessadas, detentores, incluindo economis- tas, decisores políticos e o público em geral, para se envolverem com dados de tempo real, de modo a melhorar a precisão dos cálculos de inflação e obter uma compreensão mais profunda das tendências económicas. O projeto consistirá em desenvolvimento frontend e backend, com ênfase em interfaces fáceis de usar, visualização de dados e colaboração em tempo real. Em última análise, o i-Inflation procura democratizar a análise económica, tornando os dados de inflação mais acessíveis e compreensíveis para um público mais amplo.", "area": "Ciência de Dados e Inteligência Artificial", "url": "https://teses.deisi.ulusofona.pt/media/teses/TFC__Final.pdf", "nivel_interesse": 3, "destaque": false, "tecnologias": [19, 45, 71, 72]}}, {"model": "portfolio.tfc", "pk": 47, "fields": {"titulo": "iEquus", "autor": "Duarte Chen", "ano": 2025, "resumo": "Este TFC, surge em parceria com a Faculdade de Medicina Veterinária da Universidade Lusófona e pretende desenvolver uma aplicação móvel para saber o estado de saúde do cavalo. A aplicação está desenvolvida para Android e iOS e é ser capaz de capturar e guardar imagens, fazer o seu processamento e devolver ao utilizador o Body Score associado ao equí­deo, bem como uma estimativa do peso.", "area": "Computação Móvel", "url": "", "nivel_interesse": 3, "destaque": false, "tecnologias": [1, 7, 8, 10, 26, 57, 73, 74]}}, {"model": "portfolio.competencia", "pk": 1, "fields": {"nome": "Modelação de Bases de Dados", "descricao": "Capacidade de estruturar entidades, atributos e relações, aplicando princípios de modelação e organização da informação.", "categoria": "tecnica", "nivel": 4, "projetos": [], "tecnologias": [2]}}, {"model": "portfolio.competencia", "pk": 2, "fields": {"nome": "Ingles", "descricao": "", "categoria": "lingua", "nivel": 4, "projetos": [], "tecnologias": []}}, {"model": "portfolio.makingof", "pk": 1, "fields": {"titulo": "Modelação inicial", "data": "2026-04-11", "entidade_alvo": "geral", "objeto_nome": "", "descricao_processo": "Comecei por analisar o enunciado e identificar as entidades principais do portfólio: Licenciatura, Unidade Curricular, Docente, Projeto, Tecnologia, TFC, Competência, Formação e Making Of. Fiz um esquema em papel com os atributos e relações antes de passar a modelação para Django.", "decisao_tomada": "", "justificacao": "", "erro_encontrado": "", "correcao": "", "foto": "makingof/Screenshot_2026-04-13_085842.png", "usei_ai": false, "como_usei_ai": ""}}, {"model": "portfolio.makingof", "pk": 2, "fields": {"titulo": "Importação de TFCs", "data": "2026-04-11", "entidade_alvo": "tfc", "objeto_nome": "", "descricao_processo": "Usei o ficheiro JSON dos TFCs de 2025 para importar dados para o modelo TFC. O objetivo foi automatizar o carregamento da informação em vez de inserir tudo manualmente.", "decisao_tomada": "Importei os campos que considerei mais relevantes para o modelo: título, autor, ano, resumo, área, link e tecnologias.", "justificacao": "Nem toda a informação do JSON era necessária para o portfólio, por isso selecionei apenas os dados mais úteis e coerentes com a modelação que fiz.", "erro_encontrado": "Ao executar o script, surgiu um erro porque alguns registos não tinham valor para o campo url.", "correcao": "Tive de aplicar \"or \"\") para sempre que nao exista valor no url não dê erro", "foto": "", "usei_ai": true, "como_usei_ai": "Questionei quais os motivos para o erro NOT NULL constraint failed: portfolio_tfc.url"}}, {"model": "portfolio.makingof", "pk": 3, "fields": {"titulo": "Configuração de imagens no projeto", "data": "2026-04-10", "entidade_alvo": "geral", "objeto_nome": "", "descricao_processo": "Ao usar ImageField nos modelos, foi necessário configurar o projeto para suportar imagens.", "decisao_tomada": "", "justificacao": "", "erro_encontrado": "O projeto deu erro por faltar a biblioteca necessária para tratamento de imagens.", "correcao": "Instalei o Pillow e configurei MEDIA_ROOT, MEDIA_URL", "foto": "", "usei_ai": true, "como_usei_ai": "Usei a ai porque não estava a conseguir implementar o carregamento de imagens no meu projeto. \r\nQuestinei quais as correções associadas ao erro que eu estava a ter"}}, {"model": "portfolio.makingof", "pk": 4, "fields": {"titulo": "Carregamento de curso e unidades curriculares", "data": "2026-04-11", "entidade_alvo": "geral", "objeto_nome": "", "descricao_processo": "Usei a API da Lusófona para obter informação do curso e das unidades curriculares. Depois importei os dados principais para a aplicação Django.", "decisao_tomada": "Importei automaticamente nome, código, ano, semestre e ECTS das UCs, deixando outros campos para completar manualmente no admin.", "justificacao": "", "erro_encontrado": "Inicialmente tentei importar antes de ter o ficheiro JSON no local correto.", "correcao": "Reorganizar oso ficheiros", "foto": "", "usei_ai": false, "como_usei_ai": ""}}, {"model": "portfolio.makingof", "pk": 5, "fields": {"titulo": "Criação de CategoriaTecnologia", "data": "2026-04-10", "entidade_alvo": "geral", "objeto_nome": "", "descricao_processo": "Durante a implementação percebi que tinha muitas tecnologias diferentes e que era útil agrupá-las.", "decisao_tomada": "Criei a entidade extra CategoriaTecnologia.", "justificacao": "Esta entidade permite organizar melhor as tecnologias por tipo, por exemplo linguagem, framework ou base de dados. Também facilita a visualização no admin e cumpre o requisito adicional do enunciado.", "erro_encontrado": "", "correcao": "", "foto": "", "usei_ai": false, "como_usei_ai": ""}}, {"model": "receita.ingrediente", "pk": 1, "fields": {"nome": "farinha"}}, {"model": "receita.ingrediente", "pk": 2, "fields": {"nome": "açucar"}}, {"model": "receita.ingrediente", "pk": 3, "fields": {"nome": "chocolate"}}, {"model": "receita.receita", "pk": 1, "fields": {"nome": "bolo", "ingrediente": []}}, {"model": "receita.receita", "pk": 2, "fields": {"nome": "Bolo chocolate", "ingrediente": [1, 2, 3]}}]
